First Name,Last Name,Email,Username,Password
MAY FEN,OOI,mayyfenn@gmail.com,,Le2vAmJomTG6DIxHJ1hQ3tUkrpq4/8/XjQ5+6RUgDGg=
MAY FEN,OOI,mayyfenn@gmail.com,,phhDT0kbRWzfDo9ReD7dPz6BsgG0fLHzodqPz8b1xsE=
helen,OOI,mayyfenn@gmail.com,,A6xnQhbz4Vx2HuGl4lXwZ5U2I8iziLRFnhP5eNfIRvQ=
MAY,OOI,mayyfenn@gmail.com,,Le2vAmJomTG6DIxHJ1hQ3tUkrpq4/8/XjQ5+6RUgDGg=
Helen,ooi,helen@gmail.com,helenooi85,A6xnQhbz4Vx2HuGl4lXwZ5U2I8iziLRFnhP5eNfIRvQ=
helen44,het,mayyfenn@gmail.com,helen44het45,phhDT0kbRWzfDo9ReD7dPz6BsgG0fLHzodqPz8b1xsE=
666,6666,666@gmail.com,666666698,x+YWgi82b7G14HVq9JjMEdLAhi7csyymWIL2Iv853hs=
55,5555,mayden@gmail.com,55555516,efBvj94zNGFznyIAkKI8sqefbXFL7hANDktK8kkpRhk=
ttt,tttt,mayyfenn@gmail.com,ttttttt30,phhDT0kbRWzfDo9ReD7dPz6BsgG0fLHzodqPz8b1xsE=
MAY,OOI,mayyfenn@gmail.com,mayooi24,nwccZdnI3rJqNe+hWlZxfLXbijzEDBF1a4owV9+nA2E=
MAY FEN,OOI,mayyfhhhenn@gmail.com,mayfenooi98,i7DPbrmxfQ99IrRW8SElfcElTh8BZlNwR2OD6ndt9BQ=
MAY55FEN,OOI,mayyfenn@gmail.com,may55fenooi33,pmWkWSBCL51Bfkhn79xPuKBKHz//H6B+mY6G9/eieuM=
MAY FEN,OOI555,mayyfenn@gmail.com,mayfenooi55527,7k2YjGXehg+rv7zSf3PVC76+P7o3/kGShPSBE4nDC9w=
MAY FEN555,OOI,mayyfenn@gmail.com,mayfen555ooi63,wfMw0K/zHByHQD8eQ0e8whr/fBeZCHI1NfKzFyNwJSU=
MAY F777EN,OOI,mayyfenn@gmail.com,mayf777enooi93,s6jg4fmrG/46NvIx9nb3i7MKUZ0rIebFMMDu6Ou0pdA=
MAY FEN,OOI,mayyf5enn@gmail.com,mayfenooi38,kac/2AarLABcE7TcGRMKiE6Qneo/ctRuMCZv4aH1iNg=
may,fen,mayyfenn@gmail.com,mayfen20,may
MAY FEN,OOI,mayyfenn@gmail.com,mayfenooi12,456
MAY FEN,OOI4,mayyfenn@gmail.com,mayfenooi463,4444
